,netcdf4_point,netcdf4_bbox,netcdf4_poly,netcdf4_full,xarray_point,xarray_bbox,xarray_poly,xarray_full
Max,18.496,18.673,24.156,21.596,31.563000000000002,31.541,35.1,32.554
Mean,18.23998,18.39596,22.99194,21.01365999999999,31.17742,31.249619999999997,34.85036,32.287760000000006
Median,18.257,18.3925,22.9355,21.002499999999998,31.239,31.287999999999997,34.889,32.323
Min,17.448,18.186,22.676,20.674,30.13,30.395,34.174,31.666
St. Dev.,0.16582379263568187,0.11657912439582795,0.23927427776507856,0.19162491103875884,0.2189897108756203,0.1982459706979166,0.16091609678363933,0.16421011428244264
